event_type,event,team,quarter,time_left_quarter,home_score,away_score,player,assist_by,shot_type,shot_distance,dreb,oreb,tov,tov_how,stl_by,foul,foul_type,block_by,foul_by,sub_in,violation_type,free_throw_type,ftm,fta,date,X2fgm,X2fga,X3fgm,X3fga,ast,blk,stl
unknowntype1,Jump ball: A. Davis vs. N. Jokić (L. James gains possession),LAL,1,12:00.0,,,,,,NA,NA,NA,NA,,,0,,,,,,,NA,NA,2023-10-24,NA,NA,NA,NA,0,0,0
shot_made,,LAL,1,11:42.0,0,2,A. Davis,D. Russell,dunk,1,NA,NA,NA,,,0,,,,,,,NA,NA,2023-10-24,1,1,0,0,1,0,0
shot_made,,DEN,1,11:15.0,2,2,N. Jokić,J. Murray,jump shot,7,NA,NA,NA,,,0,,,,,,,NA,NA,2023-10-24,1,1,0,0,1,0,0
shot_made,,LAL,1,10:57.0,2,5,T. Prince,L. James,jump shot,24,NA,NA,NA,,,0,,,,,,,NA,NA,2023-10-24,0,0,1,1,1,0,0
shot_made,,DEN,1,10:40.0,4,5,J. Murray,,layup,6,NA,NA,NA,,,0,,,,,,,NA,NA,2023-10-24,1,1,0,0,0,0,0
shot_made,,LAL,1,10:33.0,4,8,T. Prince,L. James,jump shot,25,NA,NA,NA,,,0,,,,,,,NA,NA,2023-10-24,0,0,1,1,1,0,0
shot_made,,DEN,1,10:16.0,7,8,J. Murray,,jump shot,26,NA,NA,NA,,,0,,,,,,,NA,NA,2023-10-24,0,0,1,1,0,0,0
shot_missed,,LAL,1,10:03.0,7,8,D. Russell,,jump shot,25,NA,NA,NA,,,0,,,,,,,NA,NA,2023-10-24,0,0,0,1,0,0,0
off_rebound,,LAL,1,10:01.0,7,8,A. Reaves,,,NA,NA,1,NA,,,0,,,,,,,NA,NA,2023-10-24,NA,NA,NA,NA,0,0,0
shot_missed,,LAL,1,09:49.0,7,8,A. Davis,,jump shot,18,NA,NA,NA,,,0,,,,,,,NA,NA,2023-10-24,0,1,0,0,0,0,0
def_rebound,,DEN,1,09:46.0,7,8,M. Porter,,,NA,1,NA,NA,,,0,,,,,,,NA,NA,2023-10-24,NA,NA,NA,NA,0,0,0
shot_missed,,DEN,1,09:36.0,7,8,N. Jokić,,layup,2,NA,NA,NA,,,0,,A. Davis,,,,,NA,NA,2023-10-24,0,1,0,0,0,1,0
def_rebound,,LAL,1,09:34.0,7,8,L. James,,,NA,1,NA,NA,,,0,,,,,,,NA,NA,2023-10-24,NA,NA,NA,NA,0,0,0
shot_made,,LAL,1,09:30.0,7,10,L. James,,layup,2,NA,NA,NA,,,0,,,,,,,NA,NA,2023-10-24,1,1,0,0,0,0,0
shot_missed,,DEN,1,09:16.0,7,10,N. Jokić,,hook shot,6,NA,NA,NA,,,0,,,,,,,NA,NA,2023-10-24,0,1,0,0,0,0,0
off_rebound,,DEN,1,09:16.0,7,10,N. Jokić,,,NA,NA,1,NA,,,0,,,,,,,NA,NA,2023-10-24,NA,NA,NA,NA,0,0,0
shot_made,,DEN,1,09:16.0,9,10,N. Jokić,,hook shot,6,NA,NA,NA,,,0,,,,,,,NA,NA,2023-10-24,1,1,0,0,0,0,0
foul,,DEN,1,09:16.0,9,10,N. Jokić,,,NA,NA,NA,NA,,,1,Shooting foul,,A. Davis,,,,NA,NA,2023-10-24,NA,NA,NA,NA,0,0,0
free_throw_miss,,DEN,1,09:16.0,9,10,N. Jokić,,,NA,NA,NA,NA,,,0,,,,,,,0,1,2023-10-24,NA,NA,NA,NA,0,0,0
def_rebound,,LAL,1,09:14.0,9,10,A. Reaves,,,NA,1,NA,NA,,,0,,,,,,,NA,NA,2023-10-24,NA,NA,NA,NA,0,0,0
shot_missed,,LAL,1,09:02.0,9,10,L. James,,jump shot,23,NA,NA,NA,,,0,,,,,,,NA,NA,2023-10-24,0,0,0,1,0,0,0
def_rebound,,DEN,1,08:58.0,9,10,A. Gordon,,,NA,1,NA,NA,,,0,,,,,,,NA,NA,2023-10-24,NA,NA,NA,NA,0,0,0
shot_made,,DEN,1,08:54.0,11,10,A. Gordon,,layup,3,NA,NA,NA,,,0,,,,,,,NA,NA,2023-10-24,1,1,0,0,0,0,0
shot_missed,,LAL,1,08:39.0,11,10,A. Reaves,,jump shot,11,NA,NA,NA,,,0,,,,,,,NA,NA,2023-10-24,0,1,0,0,0,0,0
def_rebound,,DEN,1,08:36.0,11,10,M. Porter,,,NA,1,NA,NA,,,0,,,,,,,NA,NA,2023-10-24,NA,NA,NA,NA,0,0,0
shot_made,,DEN,1,08:30.0,14,10,M. Porter,N. Jokić,jump shot,25,NA,NA,NA,,,0,,,,,,,NA,NA,2023-10-24,0,0,1,1,1,0,0
shot_missed,,LAL,1,08:14.0,14,10,D. Russell,,layup,4,NA,NA,NA,,,0,,N. Jokić,,,,,NA,NA,2023-10-24,0,1,0,0,0,1,0
def_rebound,,DEN,1,08:13.0,14,10,N. Jokić,,,NA,1,NA,NA,,,0,,,,,,,NA,NA,2023-10-24,NA,NA,NA,NA,0,0,0
turnover,,DEN,1,08:12.0,14,10,N. Jokić,,,NA,NA,NA,1,bad pass,L. James,0,,,,,,,NA,NA,2023-10-24,NA,NA,NA,NA,0,0,1
shot_missed,,LAL,1,08:07.0,14,10,D. Russell,,jump shot,26,NA,NA,NA,,,0,,,,,,,NA,NA,2023-10-24,0,0,0,1,0,0,0
def_rebound,,DEN,1,08:05.0,14,10,A. Gordon,,,NA,1,NA,NA,,,0,,,,,,,NA,NA,2023-10-24,NA,NA,NA,NA,0,0,0
shot_made,,DEN,1,07:58.0,16,10,M. Porter,A. Gordon,dunk,1,NA,NA,NA,,,0,,,,,,,NA,NA,2023-10-24,1,1,0,0,1,0,0
foul,,LAL,1,07:44.0,16,10,A. Davis,,,NA,NA,NA,NA,,,1,Shooting foul,,N. Jokić,,,,NA,NA,2023-10-24,NA,NA,NA,NA,0,0,0
free_throw_made,,LAL,1,07:44.0,16,11,A. Davis,,,NA,NA,NA,NA,,,0,,,,,,,1,1,2023-10-24,NA,NA,NA,NA,0,0,0
free_throw_made,,LAL,1,07:44.0,16,12,A. Davis,,,NA,NA,NA,NA,,,0,,,,,,,1,1,2023-10-24,NA,NA,NA,NA,0,0,0
shot_missed,,DEN,1,07:30.0,16,12,J. Murray,,jump shot,27,NA,NA,NA,,,0,,T. Prince,,,,,NA,NA,2023-10-24,0,0,0,1,0,1,0
off_rebound,,DEN,1,07:29.0,16,12,Team,,,NA,NA,1,NA,,,0,,,,,,,NA,NA,2023-10-24,NA,NA,NA,NA,0,0,0
shot_made,,DEN,1,07:25.0,18,12,K. Caldwell-Pope,A. Gordon,jump shot,16,NA,NA,NA,,,0,,,,,,,NA,NA,2023-10-24,1,1,0,0,1,0,0
shot_made,,LAL,1,07:02.0,18,14,A. Davis,,layup,3,NA,NA,NA,,,0,,,,,,,NA,NA,2023-10-24,1,1,0,0,0,0,0
shot_missed,,DEN,1,06:51.0,18,14,K. Caldwell-Pope,,jump shot,16,NA,NA,NA,,,0,,,,,,,NA,NA,2023-10-24,0,1,0,0,0,0,0
def_rebound,,LAL,1,06:48.0,18,14,L. James,,,NA,1,NA,NA,,,0,,,,,,,NA,NA,2023-10-24,NA,NA,NA,NA,0,0,0
shot_made,,LAL,1,06:44.0,18,16,L. James,,layup,2,NA,NA,NA,,,0,,,,,,,NA,NA,2023-10-24,1,1,0,0,0,0,0
shot_made,,DEN,1,06:27.0,20,16,N. Jokić,J. Murray,layup,3,NA,NA,NA,,,0,,,,,,,NA,NA,2023-10-24,1,1,0,0,1,0,0
shot_missed,,LAL,1,06:15.0,20,16,A. Davis,,layup,6,NA,NA,NA,,,0,,,,,,,NA,NA,2023-10-24,0,1,0,0,0,0,0
def_rebound,,DEN,1,06:14.0,20,16,N. Jokić,,,NA,1,NA,NA,,,0,,,,,,,NA,NA,2023-10-24,NA,NA,NA,NA,0,0,0
shot_missed,,DEN,1,06:11.0,20,16,J. Murray,,jump shot,26,NA,NA,NA,,,0,,,,,,,NA,NA,2023-10-24,0,0,0,1,0,0,0
def_rebound,,LAL,1,06:07.0,20,16,Team,,,NA,1,NA,NA,,,0,,,,,,,NA,NA,2023-10-24,NA,NA,NA,NA,0,0,0
unknowntype1,Denver full timeout,DEN,1,06:07.0,20,16,,,,NA,NA,NA,NA,,,0,,,,,,,NA,NA,2023-10-24,NA,NA,NA,NA,0,0,0
substitution,,LAL,1,06:07.0,20,16,L. James,,,NA,NA,NA,NA,,,0,,,,R. Hachimura,,,NA,NA,2023-10-24,NA,NA,NA,NA,0,0,0
substitution,,LAL,1,06:07.0,20,16,D. Russell,,,NA,NA,NA,NA,,,0,,,,G. Vincent,,,NA,NA,2023-10-24,NA,NA,NA,NA,0,0,0
substitution,,DEN,1,06:07.0,20,16,J. Murray,,,NA,NA,NA,NA,,,0,,,,R. Jackson,,,NA,NA,2023-10-24,NA,NA,NA,NA,0,0,0
shot_missed,,LAL,1,05:53.0,20,16,T. Prince,,jump shot,23,NA,NA,NA,,,0,,,,,,,NA,NA,2023-10-24,0,0,0,1,0,0,0
def_rebound,,DEN,1,05:50.0,20,16,N. Jokić,,,NA,1,NA,NA,,,0,,,,,,,NA,NA,2023-10-24,NA,NA,NA,NA,0,0,0
turnover,,DEN,1,05:39.0,20,16,K. Caldwell-Pope,,,NA,NA,NA,1,lost ball,A. Reaves,0,,,,,,,NA,NA,2023-10-24,NA,NA,NA,NA,0,0,1
shot_missed,,LAL,1,05:33.0,20,16,A. Davis,,layup,5,NA,NA,NA,,,0,,,,,,,NA,NA,2023-10-24,0,1,0,0,0,0,0
off_rebound,,LAL,1,05:32.0,20,16,R. Hachimura,,,NA,NA,1,NA,,,0,,,,,,,NA,NA,2023-10-24,NA,NA,NA,NA,0,0,0
shot_missed,,LAL,1,05:32.0,20,16,R. Hachimura,,jump shot,3,NA,NA,NA,,,0,,,,,,,NA,NA,2023-10-24,0,1,0,0,0,0,0
def_rebound,,DEN,1,05:29.0,20,16,R. Jackson,,,NA,1,NA,NA,,,0,,,,,,,NA,NA,2023-10-24,NA,NA,NA,NA,0,0,0
shot_missed,,DEN,1,05:26.0,20,16,M. Porter,,jump shot,25,NA,NA,NA,,,0,,,,,,,NA,NA,2023-10-24,0,0,0,1,0,0,0
off_rebound,,DEN,1,05:22.0,20,16,N. Jokić,,,NA,NA,1,NA,,,0,,,,,,,NA,NA,2023-10-24,NA,NA,NA,NA,0,0,0
shot_made,,DEN,1,05:21.0,22,16,N. Jokić,,hook shot,6,NA,NA,NA,,,0,,,,,,,NA,NA,2023-10-24,1,1,0,0,0,0,0
turnover,,LAL,1,05:03.0,22,16,A. Davis,,,NA,NA,NA,1,bad pass,A. Gordon,0,,,,,,,NA,NA,2023-10-24,NA,NA,NA,NA,0,0,1
shot_made,,DEN,1,04:47.0,24,16,N. Jokić,A. Gordon,hook shot,6,NA,NA,NA,,,0,,,,,,,NA,NA,2023-10-24,1,1,0,0,1,0,0
turnover,,LAL,1,04:25.0,24,16,A. Davis,,,NA,NA,NA,1,bad pass,A. Gordon,0,,,,,,,NA,NA,2023-10-24,NA,NA,NA,NA,0,0,1
shot_made,,DEN,1,04:20.0,27,16,K. Caldwell-Pope,A. Gordon,jump shot,23,NA,NA,NA,,,0,,,,,,,NA,NA,2023-10-24,0,0,1,1,1,0,0
shot_missed,,LAL,1,04:00.0,27,16,A. Davis,,jump shot,17,NA,NA,NA,,,0,,,,,,,NA,NA,2023-10-24,0,1,0,0,0,0,0
off_rebound,,LAL,1,03:57.0,27,16,T. Prince,,,NA,NA,1,NA,,,0,,,,,,,NA,NA,2023-10-24,NA,NA,NA,NA,0,0,0
shot_missed,,LAL,1,03:53.0,27,16,R. Hachimura,,jump shot,25,NA,NA,NA,,,0,,,,,,,NA,NA,2023-10-24,0,0,0,1,0,0,0
def_rebound,,DEN,1,03:49.0,27,16,A. Gordon,,,NA,1,NA,NA,,,0,,,,,,,NA,NA,2023-10-24,NA,NA,NA,NA,0,0,0
shot_missed,,DEN,1,03:38.0,27,16,M. Porter,,jump shot,29,NA,NA,NA,,,0,,,,,,,NA,NA,2023-10-24,0,0,0,1,0,0,0
def_rebound,,LAL,1,03:35.0,27,16,T. Prince,,,NA,1,NA,NA,,,0,,,,,,,NA,NA,2023-10-24,NA,NA,NA,NA,0,0,0
shot_made,,LAL,1,03:26.0,27,18,A. Reaves,,layup,3,NA,NA,NA,,,0,,,,,,,NA,NA,2023-10-24,1,1,0,0,0,0,0
shot_made,,DEN,1,03:11.0,29,18,R. Jackson,N. Jokić,layup,3,NA,NA,NA,,,0,,,,,,,NA,NA,2023-10-24,1,1,0,0,1,0,0
shot_missed,,LAL,1,02:56.0,29,18,A. Reaves,,jump shot,12,NA,NA,NA,,,0,,,,,,,NA,NA,2023-10-24,0,1,0,0,0,0,0
def_rebound,,DEN,1,02:55.0,29,18,M. Porter,,,NA,1,NA,NA,,,0,,,,,,,NA,NA,2023-10-24,NA,NA,NA,NA,0,0,0
turnover,,DEN,1,02:50.0,29,18,R. Jackson,,,NA,NA,NA,1,bad pass,,0,,,,,,,NA,NA,2023-10-24,NA,NA,NA,NA,0,0,0
unknowntype1,LA Lakers full timeout,LAL,1,02:50.0,29,18,,,,NA,NA,NA,NA,,,0,,,,,,,NA,NA,2023-10-24,NA,NA,NA,NA,0,0,0
substitution,,LAL,1,02:50.0,29,18,A. Davis,,,NA,NA,NA,NA,,,0,,,,J. Hayes,,,NA,NA,2023-10-24,NA,NA,NA,NA,0,0,0
substitution,,LAL,1,02:50.0,29,18,T. Prince,,,NA,NA,NA,NA,,,0,,,,C. Reddish,,,NA,NA,2023-10-24,NA,NA,NA,NA,0,0,0
substitution,,LAL,1,02:50.0,29,18,A. Reaves,,,NA,NA,NA,NA,,,0,,,,D. Russell,,,NA,NA,2023-10-24,NA,NA,NA,NA,0,0,0
substitution,,DEN,1,02:50.0,29,18,K. Caldwell-Pope,,,NA,NA,NA,NA,,,0,,,,C. Braun,,,NA,NA,2023-10-24,NA,NA,NA,NA,0,0,0
substitution,,DEN,1,02:50.0,29,18,A. Gordon,,,NA,NA,NA,NA,,,0,,,,J. Murray,,,NA,NA,2023-10-24,NA,NA,NA,NA,0,0,0
substitution,,DEN,1,02:50.0,29,18,N. Jokić,,,NA,NA,NA,NA,,,0,,,,Z. Nnaji,,,NA,NA,2023-10-24,NA,NA,NA,NA,0,0,0
substitution,,DEN,1,02:50.0,29,18,M. Porter,,,NA,NA,NA,NA,,,0,,,,P. Watson,,,NA,NA,2023-10-24,NA,NA,NA,NA,0,0,0
shot_missed,,LAL,1,02:29.0,29,18,G. Vincent,,jump shot,26,NA,NA,NA,,,0,,,,,,,NA,NA,2023-10-24,0,0,0,1,0,0,0
def_rebound,,DEN,1,02:25.0,29,18,R. Jackson,,,NA,1,NA,NA,,,0,,,,,,,NA,NA,2023-10-24,NA,NA,NA,NA,0,0,0
foul,,DEN,1,02:21.0,29,18,Z. Nnaji,,,NA,NA,NA,NA,,,1,Personal foul,,G. Vincent,,,,NA,NA,2023-10-24,NA,NA,NA,NA,0,0,0
turnover,,DEN,1,02:10.0,29,18,C. Braun,,,NA,NA,NA,1,lost ball,D. Russell,0,,,,,,,NA,NA,2023-10-24,NA,NA,NA,NA,0,0,1
shot_made,,LAL,1,01:56.0,29,20,D. Russell,,jump shot,6,NA,NA,NA,,,0,,,,,,,NA,NA,2023-10-24,1,1,0,0,0,0,0
shot_missed,,DEN,1,01:34.0,29,20,P. Watson,,jump shot,23,NA,NA,NA,,,0,,,,,,,NA,NA,2023-10-24,0,0,0,1,0,0,0
def_rebound,,LAL,1,01:30.0,29,20,C. Reddish,,,NA,1,NA,NA,,,0,,,,,,,NA,NA,2023-10-24,NA,NA,NA,NA,0,0,0
shot_missed,,LAL,1,01:14.0,29,20,C. Reddish,,jump shot,26,NA,NA,NA,,,0,,,,,,,NA,NA,2023-10-24,0,0,0,1,0,0,0
def_rebound,,DEN,1,01:12.0,29,20,C. Braun,,,NA,1,NA,NA,,,0,,,,,,,NA,NA,2023-10-24,NA,NA,NA,NA,0,0,0
shot_missed,,DEN,1,01:00.0,29,20,Z. Nnaji,,jump shot,27,NA,NA,NA,,,0,,,,,,,NA,NA,2023-10-24,0,0,0,1,0,0,0
def_rebound,,LAL,1,00:57.0,29,20,D. Russell,,,NA,1,NA,NA,,,0,,,,,,,NA,NA,2023-10-24,NA,NA,NA,NA,0,0,0
turnover,,LAL,1,00:55.0,29,20,D. Russell,,,NA,NA,NA,1,bad pass,R. Jackson,0,,,,,,,NA,NA,2023-10-24,NA,NA,NA,NA,0,0,1
foul,,DEN,1,00:40.0,29,20,Z. Nnaji,,,NA,NA,NA,NA,,,1,Shooting foul,,J. Hayes,,,,NA,NA,2023-10-24,NA,NA,NA,NA,0,0,0
free_throw_made,,DEN,1,00:40.0,30,20,Z. Nnaji,,,NA,NA,NA,NA,,,0,,,,,,,1,1,2023-10-24,NA,NA,NA,NA,0,0,0
substitution,,LAL,1,00:40.0,30,20,R. Hachimura,,,NA,NA,NA,NA,,,0,,,,L. James,,,NA,NA,2023-10-24,NA,NA,NA,NA,0,0,0
free_throw_made,,DEN,1,00:40.0,31,20,Z. Nnaji,,,NA,NA,NA,NA,,,0,,,,,,,1,1,2023-10-24,NA,NA,NA,NA,0,0,0
shot_missed,,LAL,1,00:23.0,31,20,D. Russell,,layup,3,NA,NA,NA,,,0,,P. Watson,,,,,NA,NA,2023-10-24,0,1,0,0,0,1,0
off_rebound,,LAL,1,00:23.0,31,20,Team,,,NA,NA,1,NA,,,0,,,,,,,NA,NA,2023-10-24,NA,NA,NA,NA,0,0,0
shot_missed,,LAL,1,00:19.0,31,20,L. James,,jump shot,23,NA,NA,NA,,,0,,,,,,,NA,NA,2023-10-24,0,1,0,0,0,0,0
def_rebound,,DEN,1,00:17.0,31,20,J. Murray,,,NA,1,NA,NA,,,0,,,,,,,NA,NA,2023-10-24,NA,NA,NA,NA,0,0,0
shot_made,,DEN,1,00:01.0,34,20,R. Jackson,Z. Nnaji,jump shot,26,NA,NA,NA,,,0,,,,,,,NA,NA,2023-10-24,0,0,1,1,1,0,0
unknowntype1,End of 1st quarter,LAL,1,00:00.0,,,,,,NA,NA,NA,NA,,,0,,,,,,,NA,NA,2023-10-24,NA,NA,NA,NA,0,0,0
unknowntype1,Start of 2nd quarter,LAL,2,12:00.0,,,,,,NA,NA,NA,NA,,,0,,,,,,,NA,NA,2023-10-24,NA,NA,NA,NA,0,0,0
shot_made,,DEN,2,11:46.0,37,20,P. Watson,J. Murray,jump shot,26,NA,NA,NA,,,0,,,,,,,NA,NA,2023-10-24,0,0,1,1,1,0,0
shot_missed,,LAL,2,11:24.0,37,20,L. James,,layup,4,NA,NA,NA,,,0,,C. Braun,,,,,NA,NA,2023-10-24,0,1,0,0,0,1,0
off_rebound,,LAL,2,11:24.0,37,20,Team,,,NA,NA,1,NA,,,0,,,,,,,NA,NA,2023-10-24,NA,NA,NA,NA,0,0,0
turnover,,LAL,2,11:19.0,37,20,C. Wood,,,NA,NA,NA,1,traveling,,0,,,,,,,NA,NA,2023-10-24,NA,NA,NA,NA,0,0,0
shot_missed,,DEN,2,10:59.0,37,20,R. Jackson,,jump shot,16,NA,NA,NA,,,0,,,,,,,NA,NA,2023-10-24,0,1,0,0,0,0,0
def_rebound,,LAL,2,10:57.0,37,20,J. Hayes,,,NA,1,NA,NA,,,0,,,,,,,NA,NA,2023-10-24,NA,NA,NA,NA,0,0,0
shot_made,,LAL,2,10:44.0,37,22,C. Wood,D. Russell,jump shot,7,NA,NA,NA,,,0,,,,,,,NA,NA,2023-10-24,1,1,0,0,1,0,0
shot_made,,DEN,2,10:18.0,40,22,R. Jackson,,jump shot,23,NA,NA,NA,,,0,,,,,,,NA,NA,2023-10-24,0,0,1,1,0,0,0
shot_made,,LAL,2,10:03.0,40,24,L. James,,layup,2,NA,NA,NA,,,0,,,,,,,NA,NA,2023-10-24,1,1,0,0,0,0,0
foul,,DEN,2,09:47.0,40,24,J. Murray,,,NA,NA,NA,NA,,,1,Personal foul,,D. Russell,,,,NA,NA,2023-10-24,NA,NA,NA,NA,0,0,0
shot_made,,DEN,2,09:41.0,42,24,Z. Nnaji,R. Jackson,dunk,1,NA,NA,NA,,,0,,,,,,,NA,NA,2023-10-24,1,1,0,0,1,0,0
shot_missed,,LAL,2,09:28.0,42,24,D. Russell,,jump shot,4,NA,NA,NA,,,0,,,,,,,NA,NA,2023-10-24,0,1,0,0,0,0,0
def_rebound,,DEN,2,09:27.0,42,24,J. Murray,,,NA,1,NA,NA,,,0,,,,,,,NA,NA,2023-10-24,NA,NA,NA,NA,0,0,0
foul,,DEN,2,09:11.0,42,24,J. Murray,,,NA,NA,NA,NA,,,1,Personal foul,,D. Russell,,,,NA,NA,2023-10-24,NA,NA,NA,NA,0,0,0
substitution,,LAL,2,09:11.0,42,24,J. Hayes,,,NA,NA,NA,NA,,,0,,,,A. Davis,,,NA,NA,2023-10-24,NA,NA,NA,NA,0,0,0
substitution,,DEN,2,09:11.0,42,24,R. Jackson,,,NA,NA,NA,NA,,,0,,,,K. Caldwell-Pope,,,NA,NA,2023-10-24,NA,NA,NA,NA,0,0,0
foul,,DEN,2,09:05.0,42,24,J. Murray,,,NA,NA,NA,NA,,,1,Personal foul,,G. Vincent,,,,NA,NA,2023-10-24,NA,NA,NA,NA,0,0,0
foul,,DEN,2,09:02.0,42,24,J. Murray,,,NA,NA,NA,NA,,,1,Personal foul,,G. Vincent,,,,NA,NA,2023-10-24,NA,NA,NA,NA,0,0,0
substitution,,LAL,2,09:02.0,42,24,G. Vincent,,,NA,NA,NA,NA,,,0,,,,C. Reddish,,,NA,NA,2023-10-24,NA,NA,NA,NA,0,0,0
shot_missed,,DEN,2,08:47.0,42,24,Z. Nnaji,,layup,4,NA,NA,NA,,,0,,,,,,,NA,NA,2023-10-24,0,1,0,0,0,0,0
def_rebound,,LAL,2,08:45.0,42,24,L. James,,,NA,1,NA,NA,,,0,,,,,,,NA,NA,2023-10-24,NA,NA,NA,NA,0,0,0
shot_made,,LAL,2,08:40.0,42,26,L. James,,layup,3,NA,NA,NA,,,0,,,,,,,NA,NA,2023-10-24,1,1,0,0,0,0,0
unknowntype1,Denver full timeout,DEN,2,08:38.0,42,26,,,,NA,NA,NA,NA,,,0,,,,,,,NA,NA,2023-10-24,NA,NA,NA,NA,0,0,0
substitution,,DEN,2,08:38.0,42,26,J. Murray,,,NA,NA,NA,NA,,,0,,,,A. Gordon,,,NA,NA,2023-10-24,NA,NA,NA,NA,0,0,0
substitution,,DEN,2,08:38.0,42,26,Z. Nnaji,,,NA,NA,NA,NA,,,0,,,,R. Jackson,,,NA,NA,2023-10-24,NA,NA,NA,NA,0,0,0
substitution,,DEN,2,08:38.0,42,26,P. Watson,,,NA,NA,NA,NA,,,0,,,,N. Jokić,,,NA,NA,2023-10-24,NA,NA,NA,NA,0,0,0
turnover,,DEN,2,08:19.0,42,26,R. Jackson,,,NA,NA,NA,1,bad pass,,0,,,,,,,NA,NA,2023-10-24,NA,NA,NA,NA,0,0,0
shot_made,,LAL,2,08:10.0,42,29,C. Reddish,D. Russell,jump shot,25,NA,NA,NA,,,0,,,,,,,NA,NA,2023-10-24,0,0,1,1,1,0,0
shot_made,,DEN,2,07:54.0,44,29,N. Jokić,,layup,3,NA,NA,NA,,,0,,,,,,,NA,NA,2023-10-24,1,1,0,0,0,0,0
shot_made,,LAL,2,07:44.0,44,32,A. Davis,D. Russell,jump shot,26,NA,NA,NA,,,0,,,,,,,NA,NA,2023-10-24,0,0,1,1,1,0,0
shot_missed,,DEN,2,07:25.0,44,32,R. Jackson,,jump shot,27,NA,NA,NA,,,0,,,,,,,NA,NA,2023-10-24,0,0,0,1,0,0,0
def_rebound,,LAL,2,07:22.0,44,32,D. Russell,,,NA,1,NA,NA,,,0,,,,,,,NA,NA,2023-10-24,NA,NA,NA,NA,0,0,0
shot_missed,,LAL,2,07:12.0,44,32,C. Wood,,jump shot,25,NA,NA,NA,,,0,,,,,,,NA,NA,2023-10-24,0,0,0,1,0,0,0
def_rebound,,DEN,2,07:08.0,44,32,R. Jackson,,,NA,1,NA,NA,,,0,,,,,,,NA,NA,2023-10-24,NA,NA,NA,NA,0,0,0
foul,,DEN,2,07:05.0,44,32,C. Braun,,,NA,NA,NA,NA,,,1,Shooting foul,,C. Wood,,,,NA,NA,2023-10-24,NA,NA,NA,NA,0,0,0
free_throw_miss,,DEN,2,07:05.0,44,32,C. Braun,,,NA,NA,NA,NA,,,0,,,,,,,0,1,2023-10-24,NA,NA,NA,NA,0,0,0
off_rebound,,DEN,2,07:05.0,44,32,Team,,,NA,NA,1,NA,,,0,,,,,,,NA,NA,2023-10-24,NA,NA,NA,NA,0,0,0
substitution,,LAL,2,07:05.0,44,32,D. Russell,,,NA,NA,NA,NA,,,0,,,,A. Reaves,,,NA,NA,2023-10-24,NA,NA,NA,NA,0,0,0
free_throw_made,,DEN,2,07:05.0,45,32,C. Braun,,,NA,NA,NA,NA,,,0,,,,,,,1,1,2023-10-24,NA,NA,NA,NA,0,0,0
shot_made,,LAL,2,06:50.0,45,34,A. Davis,,jump shot,5,NA,NA,NA,,,0,,,,,,,NA,NA,2023-10-24,1,1,0,0,0,0,0
shot_made,,DEN,2,06:35.0,47,34,N. Jokić,,hook shot,4,NA,NA,NA,,,0,,,,,,,NA,NA,2023-10-24,1,1,0,0,0,0,0
foul,,DEN,2,06:35.0,47,34,N. Jokić,,,NA,NA,NA,NA,,,1,Shooting foul,,A. Davis,,,,NA,NA,2023-10-24,NA,NA,NA,NA,0,0,0
substitution,,LAL,2,06:35.0,47,34,L. James,,,NA,NA,NA,NA,,,0,,,,T. Prince,,,NA,NA,2023-10-24,NA,NA,NA,NA,0,0,0
substitution,,DEN,2,06:35.0,47,34,C. Braun,,,NA,NA,NA,NA,,,0,,,,M. Porter,,,NA,NA,2023-10-24,NA,NA,NA,NA,0,0,0
free_throw_miss,,DEN,2,06:35.0,47,34,N. Jokić,,,NA,NA,NA,NA,,,0,,,,,,,0,1,2023-10-24,NA,NA,NA,NA,0,0,0
def_rebound,,LAL,2,06:32.0,47,34,C. Wood,,,NA,1,NA,NA,,,0,,,,,,,NA,NA,2023-10-24,NA,NA,NA,NA,0,0,0
shot_missed,,LAL,2,06:14.0,47,34,A. Davis,,jump shot,15,NA,NA,NA,,,0,,,,,,,NA,NA,2023-10-24,0,1,0,0,0,0,0
def_rebound,,DEN,2,06:10.0,47,34,N. Jokić,,,NA,1,NA,NA,,,0,,,,,,,NA,NA,2023-10-24,NA,NA,NA,NA,0,0,0
foul,,DEN,2,06:09.0,47,34,K. Caldwell-Pope,,,NA,NA,NA,NA,,,1,Shooting foul,,C. Reddish,,,,NA,NA,2023-10-24,NA,NA,NA,NA,0,0,0
free_throw_made,,DEN,2,06:09.0,48,34,K. Caldwell-Pope,,,NA,NA,NA,NA,,,0,,,,,,,1,1,2023-10-24,NA,NA,NA,NA,0,0,0
free_throw_made,,DEN,2,06:09.0,49,34,K. Caldwell-Pope,,,NA,NA,NA,NA,,,0,,,,,,,1,1,2023-10-24,NA,NA,NA,NA,0,0,0
shot_made,,LAL,2,05:56.0,49,36,T. Prince,A. Davis,layup,3,NA,NA,NA,,,0,,,,,,,NA,NA,2023-10-24,1,1,0,0,1,0,0
shot_made,,DEN,2,05:43.0,52,36,N. Jokić,A. Gordon,jump shot,26,NA,NA,NA,,,0,,,,,,,NA,NA,2023-10-24,0,0,1,1,1,0,0
shot_made,,LAL,2,05:31.0,52,38,A. Reaves,,jump shot,20,NA,NA,NA,,,0,,,,,,,NA,NA,2023-10-24,1,1,0,0,0,0,0
shot_made,,DEN,2,05:13.0,54,38,A. Gordon,,layup,3,NA,NA,NA,,,0,,,,,,,NA,NA,2023-10-24,1,1,0,0,0,0,0
shot_missed,,LAL,2,05:02.0,54,38,A. Reaves,,jump shot,20,NA,NA,NA,,,0,,,,,,,NA,NA,2023-10-24,0,1,0,0,0,0,0
def_rebound,,DEN,2,04:59.0,54,38,N. Jokić,,,NA,1,NA,NA,,,0,,,,,,,NA,NA,2023-10-24,NA,NA,NA,NA,0,0,0
shot_missed,,DEN,2,04:46.0,54,38,A. Gordon,,layup,4,NA,NA,NA,,,0,,C. Reddish,,,,,NA,NA,2023-10-24,0,1,0,0,0,1,0
def_rebound,,LAL,2,04:44.0,54,38,A. Reaves,,,NA,1,NA,NA,,,0,,,,,,,NA,NA,2023-10-24,NA,NA,NA,NA,0,0,0
shot_made,,LAL,2,04:40.0,54,40,C. Wood,A. Reaves,dunk,2,NA,NA,NA,,,0,,,,,,,NA,NA,2023-10-24,1,1,0,0,1,0,0
shot_missed,,DEN,2,04:19.0,54,40,N. Jokić,,jump shot,9,NA,NA,NA,,,0,,,,,,,NA,NA,2023-10-24,0,1,0,0,0,0,0
off_rebound,,DEN,2,04:17.0,54,40,A. Gordon,,,NA,NA,1,NA,,,0,,,,,,,NA,NA,2023-10-24,NA,NA,NA,NA,0,0,0
shot_missed,,DEN,2,04:14.0,54,40,R. Jackson,,jump shot,23,NA,NA,NA,,,0,,,,,,,NA,NA,2023-10-24,0,0,0,1,0,0,0
def_rebound,,LAL,2,04:10.0,54,40,A. Reaves,,,NA,1,NA,NA,,,0,,,,,,,NA,NA,2023-10-24,NA,NA,NA,NA,0,0,0
foul,,LAL,2,04:06.0,54,40,A. Davis,,,NA,NA,NA,NA,,,1,Shooting foul,,N. Jokić,,,,NA,NA,2023-10-24,NA,NA,NA,NA,0,0,0
free_throw_made,,LAL,2,04:06.0,54,41,A. Davis,,,NA,NA,NA,NA,,,0,,,,,,,1,1,2023-10-24,NA,NA,NA,NA,0,0,0
substitution,,LAL,2,04:06.0,54,41,C. Reddish,,,NA,NA,NA,NA,,,0,,,,R. Hachimura,,,NA,NA,2023-10-24,NA,NA,NA,NA,0,0,0
substitution,,LAL,2,04:06.0,54,41,C. Wood,,,NA,NA,NA,NA,,,0,,,,D. Russell,,,NA,NA,2023-10-24,NA,NA,NA,NA,0,0,0
substitution,,DEN,2,04:06.0,54,41,R. Jackson,,,NA,NA,NA,NA,,,0,,,,J. Murray,,,NA,NA,2023-10-24,NA,NA,NA,NA,0,0,0
free_throw_made,,LAL,2,04:06.0,54,42,A. Davis,,,NA,NA,NA,NA,,,0,,,,,,,1,1,2023-10-24,NA,NA,NA,NA,0,0,0
shot_missed,,DEN,2,03:53.0,54,42,K. Caldwell-Pope,,jump shot,26,NA,NA,NA,,,0,,,,,,,NA,NA,2023-10-24,0,0,0,1,0,0,0
off_rebound,,DEN,2,03:52.0,54,42,Team,,,NA,NA,1,NA,,,0,,,,,,,NA,NA,2023-10-24,NA,NA,NA,NA,0,0,0
foul,,LAL,2,03:52.0,54,42,N. Jokić,,,NA,NA,NA,NA,,,1,Loose ball foul,,R. Hachimura,,,,NA,NA,2023-10-24,NA,NA,NA,NA,0,0,0
free_throw_made,,DEN,2,03:52.0,55,42,N. Jokić,,,NA,NA,NA,NA,,,0,,,,,,,1,1,2023-10-24,NA,NA,NA,NA,0,0,0
free_throw_made,,DEN,2,03:52.0,56,42,N. Jokić,,,NA,NA,NA,NA,,,0,,,,,,,1,1,2023-10-24,NA,NA,NA,NA,0,0,0
shot_made,,LAL,2,03:41.0,56,44,A. Davis,T. Prince,hook shot,6,NA,NA,NA,,,0,,,,,,,NA,NA,2023-10-24,1,1,0,0,1,0,0
shot_missed,,DEN,2,03:22.0,56,44,K. Caldwell-Pope,,jump shot,14,NA,NA,NA,,,0,,,,,,,NA,NA,2023-10-24,0,1,0,0,0,0,0
def_rebound,,LAL,2,03:22.0,56,44,A. Davis,,,NA,1,NA,NA,,,0,,,,,,,NA,NA,2023-10-24,NA,NA,NA,NA,0,0,0
foul,,LAL,2,03:11.0,56,44,A. Reaves,,,NA,NA,NA,NA,,,1,Shooting foul,,K. Caldwell-Pope,,,,NA,NA,2023-10-24,NA,NA,NA,NA,0,0,0
free_throw_made,,LAL,2,03:11.0,56,45,A. Reaves,,,NA,NA,NA,NA,,,0,,,,,,,1,1,2023-10-24,NA,NA,NA,NA,0,0,0
free_throw_made,,LAL,2,03:11.0,56,46,A. Reaves,,,NA,NA,NA,NA,,,0,,,,,,,1,1,2023-10-24,NA,NA,NA,NA,0,0,0
shot_missed,,DEN,2,02:59.0,56,46,M. Porter,,jump shot,26,NA,NA,NA,,,0,,,,,,,NA,NA,2023-10-24,0,0,0,1,0,0,0
def_rebound,,LAL,2,02:55.0,56,46,T. Prince,,,NA,1,NA,NA,,,0,,,,,,,NA,NA,2023-10-24,NA,NA,NA,NA,0,0,0
shot_made,,LAL,2,02:46.0,56,48,A. Davis,,layup,3,NA,NA,NA,,,0,,,,,,,NA,NA,2023-10-24,1,1,0,0,0,0,0
shot_missed,,DEN,2,02:36.0,56,48,M. Porter,,layup,3,NA,NA,NA,,,0,,,,,,,NA,NA,2023-10-24,0,1,0,0,0,0,0
off_rebound,,DEN,2,02:33.0,56,48,M. Porter,,,NA,NA,1,NA,,,0,,,,,,,NA,NA,2023-10-24,NA,NA,NA,NA,0,0,0
shot_made,,DEN,2,02:33.0,58,48,M. Porter,,layup,0,NA,NA,NA,,,0,,,,,,,NA,NA,2023-10-24,1,1,0,0,0,0,0
shot_missed,,LAL,2,02:17.0,58,48,T. Prince,,jump shot,25,NA,NA,NA,,,0,,,,,,,NA,NA,2023-10-24,0,0,0,1,0,0,0
off_rebound,,LAL,2,02:15.0,58,48,A. Reaves,,,NA,NA,1,NA,,,0,,,,,,,NA,NA,2023-10-24,NA,NA,NA,NA,0,0,0
turnover,,LAL,2,02:14.0,58,48,A. Reaves,,,NA,NA,NA,1,bad pass,M. Porter,0,,,,,,,NA,NA,2023-10-24,NA,NA,NA,NA,0,0,1
shot_made,,DEN,2,02:07.0,60,48,J. Murray,M. Porter,layup,4,NA,NA,NA,,,0,,,,,,,NA,NA,2023-10-24,1,1,0,0,1,0,0
foul,,DEN,2,02:07.0,60,48,J. Murray,,,NA,NA,NA,NA,,,1,Shooting foul,,A. Davis,,,,NA,NA,2023-10-24,NA,NA,NA,NA,0,0,0
unknowntype1,LA Lakers full timeout,LAL,2,02:07.0,60,48,,,,NA,NA,NA,NA,,,0,,,,,,,NA,NA,2023-10-24,NA,NA,NA,NA,0,0,0
substitution,,LAL,2,02:07.0,60,48,A. Davis,,,NA,NA,NA,NA,,,0,,,,L. James,,,NA,NA,2023-10-24,NA,NA,NA,NA,0,0,0
free_throw_made,,DEN,2,02:07.0,61,48,J. Murray,,,NA,NA,NA,NA,,,0,,,,,,,1,1,2023-10-24,NA,NA,NA,NA,0,0,0
shot_missed,,LAL,2,01:54.0,61,48,L. James,,jump shot,11,NA,NA,NA,,,0,,,,,,,NA,NA,2023-10-24,0,1,0,0,0,0,0
off_rebound,,LAL,2,01:52.0,61,48,R. Hachimura,,,NA,NA,1,NA,,,0,,,,,,,NA,NA,2023-10-24,NA,NA,NA,NA,0,0,0
shot_missed,,LAL,2,01:50.0,61,48,R. Hachimura,,layup,2,NA,NA,NA,,,0,,A. Gordon,,,,,NA,NA,2023-10-24,0,1,0,0,0,1,0
off_rebound,,LAL,2,01:48.0,61,48,A. Reaves,,,NA,NA,1,NA,,,0,,,,,,,NA,NA,2023-10-24,NA,NA,NA,NA,0,0,0
shot_missed,,LAL,2,01:42.0,61,48,R. Hachimura,,layup,3,NA,NA,NA,,,0,,,,,,,NA,NA,2023-10-24,0,1,0,0,0,0,0
def_rebound,,DEN,2,01:40.0,61,48,N. Jokić,,,NA,1,NA,NA,,,0,,,,,,,NA,NA,2023-10-24,NA,NA,NA,NA,0,0,0
shot_missed,,DEN,2,01:25.0,61,48,N. Jokić,,jump shot,6,NA,NA,NA,,,0,,,,,,,NA,NA,2023-10-24,0,1,0,0,0,0,0
def_rebound,,LAL,2,01:22.0,61,48,L. James,,,NA,1,NA,NA,,,0,,,,,,,NA,NA,2023-10-24,NA,NA,NA,NA,0,0,0
shot_missed,,LAL,2,01:16.0,61,48,A. Reaves,,layup,5,NA,NA,NA,,,0,,J. Murray,,,,,NA,NA,2023-10-24,0,1,0,0,0,1,0
def_rebound,,DEN,2,01:14.0,61,48,M. Porter,,,NA,1,NA,NA,,,0,,,,,,,NA,NA,2023-10-24,NA,NA,NA,NA,0,0,0
shot_made,,DEN,2,01:12.0,63,48,K. Caldwell-Pope,M. Porter,layup,3,NA,NA,NA,,,0,,,,,,,NA,NA,2023-10-24,1,1,0,0,1,0,0
shot_made,,LAL,2,00:58.0,63,50,R. Hachimura,D. Russell,layup,3,NA,NA,NA,,,0,,,,,,,NA,NA,2023-10-24,1,1,0,0,1,0,0
shot_missed,,DEN,2,00:46.0,63,50,N. Jokić,,jump shot,4,NA,NA,NA,,,0,,,,,,,NA,NA,2023-10-24,0,1,0,0,0,0,0
def_rebound,,LAL,2,00:44.0,63,50,L. James,,,NA,1,NA,NA,,,0,,,,,,,NA,NA,2023-10-24,NA,NA,NA,NA,0,0,0
shot_made,,LAL,2,00:40.0,63,52,L. James,,layup,4,NA,NA,NA,,,0,,,,,,,NA,NA,2023-10-24,1,1,0,0,0,0,0
shot_missed,,DEN,2,00:31.0,63,52,K. Caldwell-Pope,,layup,5,NA,NA,NA,,,0,,,,,,,NA,NA,2023-10-24,0,1,0,0,0,0,0
off_rebound,,DEN,2,00:30.0,63,52,N. Jokić,,,NA,NA,1,NA,,,0,,,,,,,NA,NA,2023-10-24,NA,NA,NA,NA,0,0,0
shot_missed,,DEN,2,00:29.0,63,52,N. Jokić,,layup,5,NA,NA,NA,,,0,,,,,,,NA,NA,2023-10-24,0,1,0,0,0,0,0
def_rebound,,LAL,2,00:27.0,63,52,A. Reaves,,,NA,1,NA,NA,,,0,,,,,,,NA,NA,2023-10-24,NA,NA,NA,NA,0,0,0
shot_made,,LAL,2,00:24.0,63,54,D. Russell,A. Reaves,layup,2,NA,NA,NA,,,0,,,,,,,NA,NA,2023-10-24,1,1,0,0,1,0,0
shot_missed,,DEN,2,00:04.0,63,54,A. Gordon,,jump shot,9,NA,NA,NA,,,0,,,,,,,NA,NA,2023-10-24,0,1,0,0,0,0,0
def_rebound,,LAL,2,00:02.0,63,54,R. Hachimura,,,NA,1,NA,NA,,,0,,,,,,,NA,NA,2023-10-24,NA,NA,NA,NA,0,0,0
unknowntype1,End of 2nd quarter,LAL,2,00:00.0,,,,,,NA,NA,NA,NA,,,0,,,,,,,NA,NA,2023-10-24,NA,NA,NA,NA,0,0,0
unknowntype1,Start of 3rd quarter,LAL,3,12:00.0,,,,,,NA,NA,NA,NA,,,0,,,,,,,NA,NA,2023-10-24,NA,NA,NA,NA,0,0,0
turnover,,DEN,3,11:51.0,63,54,J. Murray,,,NA,NA,NA,1,bad pass,A. Reaves,0,,,,,,,NA,NA,2023-10-24,NA,NA,NA,NA,0,0,1
shot_made,,LAL,3,11:46.0,63,56,A. Reaves,,dunk,0,NA,NA,NA,,,0,,,,,,,NA,NA,2023-10-24,1,1,0,0,0,0,0
shot_missed,,DEN,3,11:26.0,63,56,A. Gordon,,jump shot,22,NA,NA,NA,,,0,,,,,,,NA,NA,2023-10-24,0,0,0,1,0,0,0
def_rebound,,LAL,3,11:25.0,63,56,D. Russell,,,NA,1,NA,NA,,,0,,,,,,,NA,NA,2023-10-24,NA,NA,NA,NA,0,0,0
shot_missed,,LAL,3,11:18.0,63,56,D. Russell,,jump shot,5,NA,NA,NA,,,0,,,,,,,NA,NA,2023-10-24,0,1,0,0,0,0,0
def_rebound,,DEN,3,11:16.0,63,56,N. Jokić,,,NA,1,NA,NA,,,0,,,,,,,NA,NA,2023-10-24,NA,NA,NA,NA,0,0,0
shot_missed,,DEN,3,11:09.0,63,56,M. Porter,,jump shot,24,NA,NA,NA,,,0,,,,,,,NA,NA,2023-10-24,0,0,0,1,0,0,0
def_rebound,,LAL,3,11:05.0,63,56,L. James,,,NA,1,NA,NA,,,0,,,,,,,NA,NA,2023-10-24,NA,NA,NA,NA,0,0,0
shot_made,,LAL,3,11:03.0,63,58,T. Prince,L. James,layup,4,NA,NA,NA,,,0,,,,,,,NA,NA,2023-10-24,1,1,0,0,1,0,0
unknowntype1,Denver full timeout,DEN,3,11:03.0,63,58,,,,NA,NA,NA,NA,,,0,,,,,,,NA,NA,2023-10-24,NA,NA,NA,NA,0,0,0
shot_made,,DEN,3,10:50.0,65,58,J. Murray,N. Jokić,layup,4,NA,NA,NA,,,0,,,,,,,NA,NA,2023-10-24,1,1,0,0,1,0,0
foul,,DEN,3,10:50.0,65,58,J. Murray,,,NA,NA,NA,NA,,,1,Shooting foul,,L. James,,,,NA,NA,2023-10-24,NA,NA,NA,NA,0,0,0
free_throw_made,,DEN,3,10:50.0,66,58,J. Murray,,,NA,NA,NA,NA,,,0,,,,,,,1,1,2023-10-24,NA,NA,NA,NA,0,0,0
shot_missed,,LAL,3,10:37.0,66,58,D. Russell,,layup,3,NA,NA,NA,,,0,,,,,,,NA,NA,2023-10-24,0,1,0,0,0,0,0
def_rebound,,DEN,3,10:36.0,66,58,N. Jokić,,,NA,1,NA,NA,,,0,,,,,,,NA,NA,2023-10-24,NA,NA,NA,NA,0,0,0
shot_made,,DEN,3,10:26.0,68,58,A. Gordon,N. Jokić,layup,3,NA,NA,NA,,,0,,,,,,,NA,NA,2023-10-24,1,1,0,0,1,0,0
shot_missed,,LAL,3,10:12.0,68,58,A. Davis,,layup,4,NA,NA,NA,,,0,,,,,,,NA,NA,2023-10-24,0,1,0,0,0,0,0
off_rebound,,LAL,3,10:11.0,68,58,A. Reaves,,,NA,NA,1,NA,,,0,,,,,,,NA,NA,2023-10-24,NA,NA,NA,NA,0,0,0
shot_missed,,LAL,3,10:10.0,68,58,A. Reaves,,jump shot,15,NA,NA,NA,,,0,,,,,,,NA,NA,2023-10-24,0,1,0,0,0,0,0
def_rebound,,DEN,3,10:07.0,68,58,M. Porter,,,NA,1,NA,NA,,,0,,,,,,,NA,NA,2023-10-24,NA,NA,NA,NA,0,0,0
shot_made,,DEN,3,09:48.0,70,58,J. Murray,N. Jokić,jump shot,11,NA,NA,NA,,,0,,,,,,,NA,NA,2023-10-24,1,1,0,0,1,0,0
shot_made,,LAL,3,09:34.0,70,61,T. Prince,A. Davis,jump shot,26,NA,NA,NA,,,0,,,,,,,NA,NA,2023-10-24,0,0,1,1,1,0,0
shot_missed,,DEN,3,09:12.0,70,61,M. Porter,,jump shot,26,NA,NA,NA,,,0,,,,,,,NA,NA,2023-10-24,0,0,0,1,0,0,0
def_rebound,,LAL,3,09:10.0,70,61,A. Davis,,,NA,1,NA,NA,,,0,,,,,,,NA,NA,2023-10-24,NA,NA,NA,NA,0,0,0
foul,,LAL,3,09:00.0,70,61,D. Russell,,,NA,NA,NA,NA,,,1,Shooting foul,,K. Caldwell-Pope,,,,NA,NA,2023-10-24,NA,NA,NA,NA,0,0,0
free_throw_made,,LAL,3,09:00.0,70,62,D. Russell,,,NA,NA,NA,NA,,,0,,,,,,,1,1,2023-10-24,NA,NA,NA,NA,0,0,0
free_throw_miss,,LAL,3,09:00.0,70,62,D. Russell,,,NA,NA,NA,NA,,,0,,,,,,,0,1,2023-10-24,NA,NA,NA,NA,0,0,0
def_rebound,,DEN,3,08:58.0,70,62,A. Gordon,,,NA,1,NA,NA,,,0,,,,,,,NA,NA,2023-10-24,NA,NA,NA,NA,0,0,0
shot_missed,,DEN,3,08:36.0,70,62,N. Jokić,,jump shot,20,NA,NA,NA,,,0,,,,,,,NA,NA,2023-10-24,0,1,0,0,0,0,0
off_rebound,,DEN,3,08:36.0,70,62,Team,,,NA,NA,1,NA,,,0,,,,,,,NA,NA,2023-10-24,NA,NA,NA,NA,0,0,0
turnover,,DEN,3,08:36.0,70,62,Team,,,NA,NA,NA,1,shot clock,,0,,,,,,,NA,NA,2023-10-24,NA,NA,NA,NA,0,0,0
foul,,LAL,3,08:26.0,70,62,T. Prince,,,NA,NA,NA,NA,,,1,Shooting foul,,M. Porter,,,,NA,NA,2023-10-24,NA,NA,NA,NA,0,0,0
free_throw_made,,LAL,3,08:26.0,70,63,T. Prince,,,NA,NA,NA,NA,,,0,,,,,,,1,1,2023-10-24,NA,NA,NA,NA,0,0,0
free_throw_made,,LAL,3,08:26.0,70,64,T. Prince,,,NA,NA,NA,NA,,,0,,,,,,,1,1,2023-10-24,NA,NA,NA,NA,0,0,0
shot_missed,,DEN,3,08:09.0,70,64,J. Murray,,layup,5,NA,NA,NA,,,0,,A. Davis,,,,,NA,NA,2023-10-24,0,1,0,0,0,1,0
off_rebound,,DEN,3,08:09.0,70,64,Team,,,NA,NA,1,NA,,,0,,,,,,,NA,NA,2023-10-24,NA,NA,NA,NA,0,0,0
shot_missed,,DEN,3,08:06.0,70,64,N. Jokić,,jump shot,27,NA,NA,NA,,,0,,,,,,,NA,NA,2023-10-24,0,0,0,1,0,0,0
off_rebound,,DEN,3,08:02.0,70,64,K. Caldwell-Pope,,,NA,NA,1,NA,,,0,,,,,,,NA,NA,2023-10-24,NA,NA,NA,NA,0,0,0
shot_made,,DEN,3,08:00.0,73,64,J. Murray,K. Caldwell-Pope,jump shot,23,NA,NA,NA,,,0,,,,,,,NA,NA,2023-10-24,0,0,1,1,1,0,0
shot_made,,LAL,3,07:41.0,73,67,D. Russell,A. Reaves,jump shot,26,NA,NA,NA,,,0,,,,,,,NA,NA,2023-10-24,0,0,1,1,1,0,0
shot_missed,,DEN,3,07:24.0,73,67,J. Murray,,jump shot,17,NA,NA,NA,,,0,,,,,,,NA,NA,2023-10-24,0,1,0,0,0,0,0
def_rebound,,LAL,3,07:22.0,73,67,A. Davis,,,NA,1,NA,NA,,,0,,,,,,,NA,NA,2023-10-24,NA,NA,NA,NA,0,0,0
shot_missed,,LAL,3,07:15.0,73,67,A. Davis,,layup,5,NA,NA,NA,,,0,,,,,,,NA,NA,2023-10-24,0,1,0,0,0,0,0
off_rebound,,LAL,3,07:13.0,73,67,L. James,,,NA,NA,1,NA,,,0,,,,,,,NA,NA,2023-10-24,NA,NA,NA,NA,0,0,0
shot_missed,,LAL,3,07:10.0,73,67,A. Reaves,,layup,4,NA,NA,NA,,,0,,,,,,,NA,NA,2023-10-24,0,1,0,0,0,0,0
def_rebound,,DEN,3,07:09.0,73,67,M. Porter,,,NA,1,NA,NA,,,0,,,,,,,NA,NA,2023-10-24,NA,NA,NA,NA,0,0,0
shot_made,,DEN,3,07:05.0,75,67,A. Gordon,J. Murray,dunk,1,NA,NA,NA,,,0,,,,,,,NA,NA,2023-10-24,1,1,0,0,1,0,0
foul,,LAL,3,06:44.0,75,67,D. Russell,,,NA,NA,NA,NA,,,1,Personal foul,,J. Murray,,,,NA,NA,2023-10-24,NA,NA,NA,NA,0,0,0
substitution,,LAL,3,06:44.0,75,67,L. James,,,NA,NA,NA,NA,,,0,,,,R. Hachimura,,,NA,NA,2023-10-24,NA,NA,NA,NA,0,0,0
substitution,,LAL,3,06:44.0,75,67,D. Russell,,,NA,NA,NA,NA,,,0,,,,G. Vincent,,,NA,NA,2023-10-24,NA,NA,NA,NA,0,0,0
shot_missed,,LAL,3,06:37.0,75,67,R. Hachimura,,layup,3,NA,NA,NA,,,0,,,,,,,NA,NA,2023-10-24,0,1,0,0,0,0,0
off_rebound,,LAL,3,06:37.0,75,67,Team,,,NA,NA,1,NA,,,0,,,,,,,NA,NA,2023-10-24,NA,NA,NA,NA,0,0,0
shot_missed,,LAL,3,06:33.0,75,67,A. Davis,,jump shot,20,NA,NA,NA,,,0,,,,,,,NA,NA,2023-10-24,0,1,0,0,0,0,0
off_rebound,,LAL,3,06:30.0,75,67,G. Vincent,,,NA,NA,1,NA,,,0,,,,,,,NA,NA,2023-10-24,NA,NA,NA,NA,0,0,0
shot_missed,,LAL,3,06:22.0,75,67,R. Hachimura,,jump shot,27,NA,NA,NA,,,0,,,,,,,NA,NA,2023-10-24,0,0,0,1,0,0,0
def_rebound,,DEN,3,06:18.0,75,67,M. Porter,,,NA,1,NA,NA,,,0,,,,,,,NA,NA,2023-10-24,NA,NA,NA,NA,0,0,0
shot_missed,,DEN,3,06:06.0,75,67,M. Porter,,jump shot,25,NA,NA,NA,,,0,,,,,,,NA,NA,2023-10-24,0,0,0,1,0,0,0
def_rebound,,LAL,3,06:03.0,75,67,A. Davis,,,NA,1,NA,NA,,,0,,,,,,,NA,NA,2023-10-24,NA,NA,NA,NA,0,0,0
shot_missed,,LAL,3,05:56.0,75,67,A. Davis,,layup,3,NA,NA,NA,,,0,,K. Caldwell-Pope,,,,,NA,NA,2023-10-24,0,1,0,0,0,1,0
off_rebound,,LAL,3,05:56.0,75,67,A. Davis,,,NA,NA,1,NA,,,0,,,,,,,NA,NA,2023-10-24,NA,NA,NA,NA,0,0,0
shot_made,,LAL,3,05:54.0,75,69,R. Hachimura,A. Davis,layup,0,NA,NA,NA,,,0,,,,,,,NA,NA,2023-10-24,1,1,0,0,1,0,0
shot_made,,DEN,3,05:38.0,78,69,K. Caldwell-Pope,J. Murray,jump shot,26,NA,NA,NA,,,0,,,,,,,NA,NA,2023-10-24,0,0,1,1,1,0,0
shot_missed,,LAL,3,05:09.0,78,69,R. Hachimura,,jump shot,40,NA,NA,NA,,,0,,,,,,,NA,NA,2023-10-24,0,0,0,1,0,0,0
off_rebound,,LAL,3,05:09.0,78,69,Team,,,NA,NA,1,NA,,,0,,,,,,,NA,NA,2023-10-24,NA,NA,NA,NA,0,0,0
turnover,,LAL,3,05:09.0,78,69,Team,,,NA,NA,NA,1,shot clock,,0,,,,,,,NA,NA,2023-10-24,NA,NA,NA,NA,0,0,0
substitution,,DEN,3,05:09.0,78,69,J. Murray,,,NA,NA,NA,NA,,,0,,,,C. Braun,,,NA,NA,2023-10-24,NA,NA,NA,NA,0,0,0
substitution,,DEN,3,05:09.0,78,69,M. Porter,,,NA,NA,NA,NA,,,0,,,,R. Jackson,,,NA,NA,2023-10-24,NA,NA,NA,NA,0,0,0
shot_made,,DEN,3,04:52.0,80,69,A. Gordon,,layup,3,NA,NA,NA,,,0,,,,,,,NA,NA,2023-10-24,1,1,0,0,0,0,0
unknowntype1,LA Lakers full timeout,LAL,3,04:52.0,80,69,,,,NA,NA,NA,NA,,,0,,,,,,,NA,NA,2023-10-24,NA,NA,NA,NA,0,0,0
substitution,,LAL,3,04:52.0,80,69,T. Prince,,,NA,NA,NA,NA,,,0,,,,C. Reddish,,,NA,NA,2023-10-24,NA,NA,NA,NA,0,0,0
shot_missed,,LAL,3,04:38.0,80,69,G. Vincent,,jump shot,27,NA,NA,NA,,,0,,,,,,,NA,NA,2023-10-24,0,0,0,1,0,0,0
def_rebound,,DEN,3,04:35.0,80,69,N. Jokić,,,NA,1,NA,NA,,,0,,,,,,,NA,NA,2023-10-24,NA,NA,NA,NA,0,0,0
foul,,DEN,3,04:28.0,80,69,A. Reaves,,,NA,NA,NA,NA,,,1,Offensive foul,,K. Caldwell-Pope,,,,NA,NA,2023-10-24,NA,NA,NA,NA,0,0,0
turnover,,DEN,3,04:28.0,80,69,K. Caldwell-Pope,,,NA,NA,NA,1,offensive foul,,0,,,,,,,NA,NA,2023-10-24,NA,NA,NA,NA,0,0,0
turnover,,LAL,3,04:15.0,80,69,G. Vincent,,,NA,NA,NA,1,bad pass,K. Caldwell-Pope,0,,,,,,,NA,NA,2023-10-24,NA,NA,NA,NA,0,0,1
shot_missed,,DEN,3,04:01.0,80,69,N. Jokić,,hook shot,2,NA,NA,NA,,,0,,,,,,,NA,NA,2023-10-24,0,1,0,0,0,0,0
def_rebound,,LAL,3,03:58.0,80,69,A. Davis,,,NA,1,NA,NA,,,0,,,,,,,NA,NA,2023-10-24,NA,NA,NA,NA,0,0,0
shot_missed,,LAL,3,03:55.0,80,69,A. Davis,,jump shot,5,NA,NA,NA,,,0,,,,,,,NA,NA,2023-10-24,0,1,0,0,0,0,0
def_rebound,,DEN,3,03:55.0,80,69,N. Jokić,,,NA,1,NA,NA,,,0,,,,,,,NA,NA,2023-10-24,NA,NA,NA,NA,0,0,0
foul,,DEN,3,03:55.0,80,69,N. Jokić,,,NA,NA,NA,NA,,,1,Personal foul,,R. Hachimura,,,,NA,NA,2023-10-24,NA,NA,NA,NA,0,0,0
substitution,,LAL,3,03:55.0,80,69,A. Reaves,,,NA,NA,NA,NA,,,0,,,,D. Russell,,,NA,NA,2023-10-24,NA,NA,NA,NA,0,0,0
substitution,,DEN,3,03:55.0,80,69,A. Gordon,,,NA,NA,NA,NA,,,0,,,,P. Watson,,,NA,NA,2023-10-24,NA,NA,NA,NA,0,0,0
shot_missed,,DEN,3,03:31.0,80,69,R. Jackson,,jump shot,25,NA,NA,NA,,,0,,,,,,,NA,NA,2023-10-24,0,0,0,1,0,0,0
def_rebound,,LAL,3,03:27.0,80,69,A. Davis,,,NA,1,NA,NA,,,0,,,,,,,NA,NA,2023-10-24,NA,NA,NA,NA,0,0,0
turnover,,LAL,3,03:17.0,80,69,G. Vincent,,,NA,NA,NA,1,bad pass,K. Caldwell-Pope,0,,,,,,,NA,NA,2023-10-24,NA,NA,NA,NA,0,0,1
shot_made,,DEN,3,03:14.0,82,69,K. Caldwell-Pope,,dunk,1,NA,NA,NA,,,0,,,,,,,NA,NA,2023-10-24,1,1,0,0,0,0,0
shot_made,,LAL,3,03:02.0,82,71,G. Vincent,,jump shot,23,NA,NA,NA,,,0,,,,,,,NA,NA,2023-10-24,1,1,0,0,0,0,0
shot_made,,DEN,3,02:51.0,85,71,N. Jokić,,jump shot,25,NA,NA,NA,,,0,,,,,,,NA,NA,2023-10-24,0,0,1,1,0,0,0
shot_missed,,LAL,3,02:37.0,85,71,G. Vincent,,jump shot,25,NA,NA,NA,,,0,,,,,,,NA,NA,2023-10-24,0,0,0,1,0,0,0
def_rebound,,DEN,3,02:37.0,85,71,C. Braun,,,NA,1,NA,NA,,,0,,,,,,,NA,NA,2023-10-24,NA,NA,NA,NA,0,0,0
shot_made,,DEN,3,02:21.0,87,71,K. Caldwell-Pope,N. Jokić,jump shot,19,NA,NA,NA,,,0,,,,,,,NA,NA,2023-10-24,1,1,0,0,1,0,0
shot_made,,LAL,3,01:58.0,87,73,G. Vincent,,jump shot,8,NA,NA,NA,,,0,,,,,,,NA,NA,2023-10-24,1,1,0,0,0,0,0
turnover,,DEN,3,01:43.0,87,73,K. Caldwell-Pope,,,NA,NA,NA,1,lost ball,G. Vincent,0,,,,,,,NA,NA,2023-10-24,NA,NA,NA,NA,0,0,1
shot_made,,LAL,3,01:38.0,87,75,R. Hachimura,D. Russell,dunk,2,NA,NA,NA,,,0,,,,,,,NA,NA,2023-10-24,1,1,0,0,1,0,0
unknowntype1,Denver full timeout,DEN,3,01:38.0,87,75,,,,NA,NA,NA,NA,,,0,,,,,,,NA,NA,2023-10-24,NA,NA,NA,NA,0,0,0
substitution,,LAL,3,01:38.0,87,75,A. Davis,,,NA,NA,NA,NA,,,0,,,,L. James,,,NA,NA,2023-10-24,NA,NA,NA,NA,0,0,0
substitution,,LAL,3,01:38.0,87,75,R. Hachimura,,,NA,NA,NA,NA,,,0,,,,C. Wood,,,NA,NA,2023-10-24,NA,NA,NA,NA,0,0,0
substitution,,DEN,3,01:38.0,87,75,K. Caldwell-Pope,,,NA,NA,NA,NA,,,0,,,,J. Murray,,,NA,NA,2023-10-24,NA,NA,NA,NA,0,0,0
substitution,,DEN,3,01:38.0,87,75,N. Jokić,,,NA,NA,NA,NA,,,0,,,,Z. Nnaji,,,NA,NA,2023-10-24,NA,NA,NA,NA,0,0,0
foul,,DEN,3,01:20.0,87,75,Z. Nnaji,,,NA,NA,NA,NA,,,1,Personal foul,,C. Reddish,,,,NA,NA,2023-10-24,NA,NA,NA,NA,0,0,0
foul,,DEN,3,01:14.0,87,75,G. Vincent,,,NA,NA,NA,NA,,,1,Offensive foul,,Z. Nnaji,,,,NA,NA,2023-10-24,NA,NA,NA,NA,0,0,0
turnover,,DEN,3,01:14.0,87,75,Z. Nnaji,,,NA,NA,NA,1,offensive foul,,0,,,,,,,NA,NA,2023-10-24,NA,NA,NA,NA,0,0,0
shot_made,,LAL,3,01:03.0,87,77,L. James,D. Russell,dunk,1,NA,NA,NA,,,0,,,,,,,NA,NA,2023-10-24,1,1,0,0,1,0,0
turnover,,DEN,3,00:45.0,87,77,P. Watson,,,NA,NA,NA,1,traveling,,0,,,,,,,NA,NA,2023-10-24,NA,NA,NA,NA,0,0,0
shot_made,,LAL,3,00:31.0,87,80,D. Russell,L. James,jump shot,28,NA,NA,NA,,,0,,,,,,,NA,NA,2023-10-24,0,0,1,1,1,0,0
shot_missed,,DEN,3,00:06.0,87,80,P. Watson,,jump shot,26,NA,NA,NA,,,0,,,,,,,NA,NA,2023-10-24,0,0,0,1,0,0,0
def_rebound,,LAL,3,00:03.0,87,80,C. Reddish,,,NA,1,NA,NA,,,0,,,,,,,NA,NA,2023-10-24,NA,NA,NA,NA,0,0,0
shot_missed,,LAL,3,00:00.0,87,80,L. James,,jump shot,53,NA,NA,NA,,,0,,,,,,,NA,NA,2023-10-24,0,0,0,1,0,0,0
off_rebound,,LAL,3,00:00.0,87,80,Team,,,NA,NA,1,NA,,,0,,,,,,,NA,NA,2023-10-24,NA,NA,NA,NA,0,0,0
unknowntype1,End of 3rd quarter,LAL,3,00:00.0,,,,,,NA,NA,NA,NA,,,0,,,,,,,NA,NA,2023-10-24,NA,NA,NA,NA,0,0,0
unknowntype1,Start of 4th quarter,LAL,4,12:00.0,,,,,,NA,NA,NA,NA,,,0,,,,,,,NA,NA,2023-10-24,NA,NA,NA,NA,0,0,0
shot_made,,LAL,4,11:48.0,87,82,L. James,G. Vincent,layup,3,NA,NA,NA,,,0,,,,,,,NA,NA,2023-10-24,1,1,0,0,1,0,0
team_violation,,DEN,4,11:48.0,87,82,,,,NA,NA,NA,NA,,,0,,,,,def goaltending,,NA,NA,2023-10-24,NA,NA,NA,NA,0,0,0
shot_missed,,DEN,4,11:26.0,87,82,R. Jackson,,jump shot,19,NA,NA,NA,,,0,,,,,,,NA,NA,2023-10-24,0,1,0,0,0,0,0
def_rebound,,LAL,4,11:23.0,87,82,C. Wood,,,NA,1,NA,NA,,,0,,,,,,,NA,NA,2023-10-24,NA,NA,NA,NA,0,0,0
shot_made,,LAL,4,11:07.0,87,84,C. Wood,,dunk,2,NA,NA,NA,,,0,,,,,,,NA,NA,2023-10-24,1,1,0,0,0,0,0
shot_made,,DEN,4,10:38.0,90,84,A. Gordon,,jump shot,25,NA,NA,NA,,,0,,,,,,,NA,NA,2023-10-24,0,0,1,1,0,0,0
shot_missed,,LAL,4,10:16.0,90,84,D. Russell,,jump shot,27,NA,NA,NA,,,0,,,,,,,NA,NA,2023-10-24,0,0,0,1,0,0,0
off_rebound,,LAL,4,10:11.0,90,84,C. Reddish,,,NA,NA,1,NA,,,0,,,,,,,NA,NA,2023-10-24,NA,NA,NA,NA,0,0,0
shot_missed,,LAL,4,10:09.0,90,84,C. Reddish,,layup,3,NA,NA,NA,,,0,,,,,,,NA,NA,2023-10-24,0,1,0,0,0,0,0
off_rebound,,LAL,4,10:09.0,90,84,C. Reddish,,,NA,NA,1,NA,,,0,,,,,,,NA,NA,2023-10-24,NA,NA,NA,NA,0,0,0
shot_made,,LAL,4,10:06.0,90,86,C. Reddish,,layup,0,NA,NA,NA,,,0,,,,,,,NA,NA,2023-10-24,1,1,0,0,0,0,0
shot_made,,DEN,4,09:53.0,92,86,J. Murray,,jump shot,18,NA,NA,NA,,,0,,,,,,,NA,NA,2023-10-24,1,1,0,0,0,0,0
shot_made,,LAL,4,09:42.0,92,89,L. James,G. Vincent,jump shot,29,NA,NA,NA,,,0,,,,,,,NA,NA,2023-10-24,0,0,1,1,1,0,0
shot_missed,,DEN,4,09:24.0,92,89,C. Braun,,jump shot,25,NA,NA,NA,,,0,,,,,,,NA,NA,2023-10-24,0,0,0,1,0,0,0
off_rebound,,DEN,4,09:22.0,92,89,A. Gordon,,,NA,NA,1,NA,,,0,,,,,,,NA,NA,2023-10-24,NA,NA,NA,NA,0,0,0
shot_missed,,DEN,4,09:14.0,92,89,C. Braun,,layup,2,NA,NA,NA,,,0,,,,,,,NA,NA,2023-10-24,0,1,0,0,0,0,0
off_rebound,,DEN,4,09:08.0,92,89,C. Braun,,,NA,NA,1,NA,,,0,,,,,,,NA,NA,2023-10-24,NA,NA,NA,NA,0,0,0
shot_made,,DEN,4,09:08.0,94,89,C. Braun,,layup,0,NA,NA,NA,,,0,,,,,,,NA,NA,2023-10-24,1,1,0,0,0,0,0
foul,,LAL,4,08:49.0,94,89,C. Wood,,,NA,NA,NA,NA,,,1,Shooting foul,,Z. Nnaji,,,,NA,NA,2023-10-24,NA,NA,NA,NA,0,0,0
free_throw_made,,LAL,4,08:49.0,94,90,C. Wood,,,NA,NA,NA,NA,,,0,,,,,,,1,1,2023-10-24,NA,NA,NA,NA,0,0,0
substitution,,DEN,4,08:49.0,94,90,Z. Nnaji,,,NA,NA,NA,NA,,,0,,,,N. Jokić,,,NA,NA,2023-10-24,NA,NA,NA,NA,0,0,0
free_throw_miss,,LAL,4,08:49.0,94,90,C. Wood,,,NA,NA,NA,NA,,,0,,,,,,,0,1,2023-10-24,NA,NA,NA,NA,0,0,0
off_rebound,,LAL,4,08:48.0,94,90,C. Wood,,,NA,NA,1,NA,,,0,,,,,,,NA,NA,2023-10-24,NA,NA,NA,NA,0,0,0
foul,,LAL,4,08:48.0,94,90,C. Wood,,,NA,NA,NA,NA,,,1,Personal foul,,J. Murray,,,,NA,NA,2023-10-24,NA,NA,NA,NA,0,0,0
substitution,,LAL,4,08:48.0,94,90,L. James,,,NA,NA,NA,NA,,,0,,,,A. Davis,,,NA,NA,2023-10-24,NA,NA,NA,NA,0,0,0
shot_missed,,LAL,4,08:38.0,94,90,A. Davis,,jump shot,27,NA,NA,NA,,,0,,,,,,,NA,NA,2023-10-24,0,0,0,1,0,0,0
def_rebound,,DEN,4,08:34.0,94,90,A. Gordon,,,NA,1,NA,NA,,,0,,,,,,,NA,NA,2023-10-24,NA,NA,NA,NA,0,0,0
shot_made,,DEN,4,08:17.0,97,90,N. Jokić,C. Braun,jump shot,25,NA,NA,NA,,,0,,,,,,,NA,NA,2023-10-24,0,0,1,1,1,0,0
unknowntype1,LA Lakers full timeout,LAL,4,08:15.0,97,90,,,,NA,NA,NA,NA,,,0,,,,,,,NA,NA,2023-10-24,NA,NA,NA,NA,0,0,0
substitution,,LAL,4,08:15.0,97,90,C. Reddish,,,NA,NA,NA,NA,,,0,,,,T. Prince,,,NA,NA,2023-10-24,NA,NA,NA,NA,0,0,0
substitution,,LAL,4,08:15.0,97,90,D. Russell,,,NA,NA,NA,NA,,,0,,,,A. Reaves,,,NA,NA,2023-10-24,NA,NA,NA,NA,0,0,0
substitution,,DEN,4,08:15.0,97,90,A. Gordon,,,NA,NA,NA,NA,,,0,,,,K. Caldwell-Pope,,,NA,NA,2023-10-24,NA,NA,NA,NA,0,0,0
substitution,,DEN,4,08:15.0,97,90,J. Murray,,,NA,NA,NA,NA,,,0,,,,M. Porter,,,NA,NA,2023-10-24,NA,NA,NA,NA,0,0,0
shot_missed,,LAL,4,08:01.0,97,90,G. Vincent,,layup,4,NA,NA,NA,,,0,,,,,,,NA,NA,2023-10-24,0,1,0,0,0,0,0
def_rebound,,DEN,4,07:59.0,97,90,M. Porter,,,NA,1,NA,NA,,,0,,,,,,,NA,NA,2023-10-24,NA,NA,NA,NA,0,0,0
shot_made,,DEN,4,07:45.0,99,90,K. Caldwell-Pope,N. Jokić,jump shot,18,NA,NA,NA,,,0,,,,,,,NA,NA,2023-10-24,1,1,0,0,1,0,0
turnover,,LAL,4,07:32.0,99,90,T. Prince,,,NA,NA,NA,1,traveling,,0,,,,,,,NA,NA,2023-10-24,NA,NA,NA,NA,0,0,0
shot_made,,DEN,4,07:19.0,101,90,N. Jokić,C. Braun,jump shot,16,NA,NA,NA,,,0,,,,,,,NA,NA,2023-10-24,1,1,0,0,1,0,0
shot_missed,,LAL,4,07:06.0,101,90,G. Vincent,,jump shot,26,NA,NA,NA,,,0,,,,,,,NA,NA,2023-10-24,0,0,0,1,0,0,0
def_rebound,,DEN,4,07:03.0,101,90,M. Porter,,,NA,1,NA,NA,,,0,,,,,,,NA,NA,2023-10-24,NA,NA,NA,NA,0,0,0
shot_missed,,DEN,4,06:48.0,101,90,C. Braun,,layup,2,NA,NA,NA,,,0,,,,,,,NA,NA,2023-10-24,0,1,0,0,0,0,0
def_rebound,,LAL,4,06:46.0,101,90,C. Wood,,,NA,1,NA,NA,,,0,,,,,,,NA,NA,2023-10-24,NA,NA,NA,NA,0,0,0
substitution,,LAL,4,06:46.0,101,90,G. Vincent,,,NA,NA,NA,NA,,,0,,,,D. Russell,,,NA,NA,2023-10-24,NA,NA,NA,NA,0,0,0
foul,,LAL,4,06:33.0,101,90,A. Reaves,,,NA,NA,NA,NA,,,1,Shooting foul,,C. Braun,,,,NA,NA,2023-10-24,NA,NA,NA,NA,0,0,0
free_throw_miss,,LAL,4,06:33.0,101,90,A. Reaves,,,NA,NA,NA,NA,,,0,,,,,,,0,1,2023-10-24,NA,NA,NA,NA,0,0,0
off_rebound,,LAL,4,06:33.0,101,90,Team,,,NA,NA,1,NA,,,0,,,,,,,NA,NA,2023-10-24,NA,NA,NA,NA,0,0,0
substitution,,DEN,4,06:33.0,101,90,R. Jackson,,,NA,NA,NA,NA,,,0,,,,J. Murray,,,NA,NA,2023-10-24,NA,NA,NA,NA,0,0,0
free_throw_made,,LAL,4,06:33.0,101,91,A. Reaves,,,NA,NA,NA,NA,,,0,,,,,,,1,1,2023-10-24,NA,NA,NA,NA,0,0,0
shot_made,,DEN,4,06:16.0,103,91,C. Braun,N. Jokić,layup,3,NA,NA,NA,,,0,,,,,,,NA,NA,2023-10-24,1,1,0,0,1,0,0
foul,,LAL,4,06:04.0,103,91,A. Davis,,,NA,NA,NA,NA,,,1,Personal foul,,J. Murray,,,,NA,NA,2023-10-24,NA,NA,NA,NA,0,0,0
substitution,,LAL,4,06:04.0,103,91,C. Wood,,,NA,NA,NA,NA,,,0,,,,L. James,,,NA,NA,2023-10-24,NA,NA,NA,NA,0,0,0
substitution,,DEN,4,06:04.0,103,91,C. Braun,,,NA,NA,NA,NA,,,0,,,,A. Gordon,,,NA,NA,2023-10-24,NA,NA,NA,NA,0,0,0
shot_missed,,LAL,4,05:58.0,103,91,A. Reaves,,jump shot,29,NA,NA,NA,,,0,,,,,,,NA,NA,2023-10-24,0,0,0,1,0,0,0
def_rebound,,DEN,4,05:55.0,103,91,K. Caldwell-Pope,,,NA,1,NA,NA,,,0,,,,,,,NA,NA,2023-10-24,NA,NA,NA,NA,0,0,0
shot_missed,,DEN,4,05:52.0,103,91,J. Murray,,layup,3,NA,NA,NA,,,0,,,,,,,NA,NA,2023-10-24,0,1,0,0,0,0,0
def_rebound,,LAL,4,05:52.0,103,91,L. James,,,NA,1,NA,NA,,,0,,,,,,,NA,NA,2023-10-24,NA,NA,NA,NA,0,0,0
shot_made,,LAL,4,05:45.0,103,94,T. Prince,L. James,jump shot,25,NA,NA,NA,,,0,,,,,,,NA,NA,2023-10-24,0,0,1,1,1,0,0
turnover,,DEN,4,05:28.0,103,94,N. Jokić,,,NA,NA,NA,1,bad pass,,0,,,,,,,NA,NA,2023-10-24,NA,NA,NA,NA,0,0,0
shot_made,,LAL,4,05:17.0,103,96,L. James,A. Reaves,layup,3,NA,NA,NA,,,0,,,,,,,NA,NA,2023-10-24,1,1,0,0,1,0,0
unknowntype1,Denver full timeout,DEN,4,05:15.0,103,96,,,,NA,NA,NA,NA,,,0,,,,,,,NA,NA,2023-10-24,NA,NA,NA,NA,0,0,0
shot_made,,DEN,4,05:02.0,106,96,J. Murray,N. Jokić,jump shot,26,NA,NA,NA,,,0,,,,,,,NA,NA,2023-10-24,0,0,1,1,1,0,0
shot_missed,,LAL,4,04:45.0,106,96,L. James,,jump shot,26,NA,NA,NA,,,0,,,,,,,NA,NA,2023-10-24,0,0,0,1,0,0,0
def_rebound,,DEN,4,04:42.0,106,96,Team,,,NA,1,NA,NA,,,0,,,,,,,NA,NA,2023-10-24,NA,NA,NA,NA,0,0,0
shot_made,,DEN,4,04:31.0,108,96,K. Caldwell-Pope,N. Jokić,jump shot,20,NA,NA,NA,,,0,,,,,,,NA,NA,2023-10-24,1,1,0,0,1,0,0
turnover,,LAL,4,04:14.0,108,96,D. Russell,,,NA,NA,NA,1,lost ball,N. Jokić,0,,,,,,,NA,NA,2023-10-24,NA,NA,NA,NA,0,0,1
shot_made,,DEN,4,03:54.0,110,96,A. Gordon,J. Murray,dunk,0,NA,NA,NA,,,0,,,,,,,NA,NA,2023-10-24,1,1,0,0,1,0,0
shot_made,,LAL,4,03:40.0,110,99,A. Reaves,A. Davis,jump shot,28,NA,NA,NA,,,0,,,,,,,NA,NA,2023-10-24,0,0,1,1,1,0,0
shot_made,,DEN,4,03:19.0,113,99,M. Porter,N. Jokić,jump shot,23,NA,NA,NA,,,0,,,,,,,NA,NA,2023-10-24,0,0,1,1,1,0,0
unknowntype1,LA Lakers full timeout,LAL,4,03:17.0,113,99,,,,NA,NA,NA,NA,,,0,,,,,,,NA,NA,2023-10-24,NA,NA,NA,NA,0,0,0
shot_made,,LAL,4,02:59.0,113,101,L. James,,layup,3,NA,NA,NA,,,0,,,,,,,NA,NA,2023-10-24,1,1,0,0,0,0,0
foul,,LAL,4,02:59.0,113,101,L. James,,,NA,NA,NA,NA,,,1,Shooting foul,,K. Caldwell-Pope,,,,NA,NA,2023-10-24,NA,NA,NA,NA,0,0,0
free_throw_miss,,LAL,4,02:59.0,113,101,L. James,,,NA,NA,NA,NA,,,0,,,,,,,0,1,2023-10-24,NA,NA,NA,NA,0,0,0
def_rebound,,DEN,4,02:57.0,113,101,M. Porter,,,NA,1,NA,NA,,,0,,,,,,,NA,NA,2023-10-24,NA,NA,NA,NA,0,0,0
foul,,DEN,4,02:45.0,113,101,J. Murray,,,NA,NA,NA,NA,,,1,Personal foul,,D. Russell,,,,NA,NA,2023-10-24,NA,NA,NA,NA,0,0,0
shot_made,,DEN,4,02:36.0,115,101,N. Jokić,,layup,2,NA,NA,NA,,,0,,,,,,,NA,NA,2023-10-24,1,1,0,0,0,0,0
foul,,LAL,4,02:28.0,115,101,A. Reaves,,,NA,NA,NA,NA,,,1,Shooting foul,,K. Caldwell-Pope,,,,NA,NA,2023-10-24,NA,NA,NA,NA,0,0,0
foul,,DEN,4,02:28.0,115,101,,,,NA,NA,NA,NA,,,1,Technical foul,,K. Caldwell-Pope,,,,NA,NA,2023-10-24,NA,NA,NA,NA,0,0,0
technical_free_throw,,LAL,4,02:28.0,115,101,A. Reaves,,,NA,NA,NA,NA,,,0,,,,,,technical,0,1,2023-10-24,NA,NA,NA,NA,0,0,0
off_rebound,,LAL,4,02:28.0,115,101,Team,,,NA,NA,1,NA,,,0,,,,,,,NA,NA,2023-10-24,NA,NA,NA,NA,0,0,0
free_throw_made,,LAL,4,02:28.0,115,102,A. Reaves,,,NA,NA,NA,NA,,,0,,,,,,,1,1,2023-10-24,NA,NA,NA,NA,0,0,0
free_throw_made,,LAL,4,02:28.0,115,103,A. Reaves,,,NA,NA,NA,NA,,,0,,,,,,,1,1,2023-10-24,NA,NA,NA,NA,0,0,0
foul,,DEN,4,02:16.0,115,103,J. Murray,,,NA,NA,NA,NA,,,1,Personal foul,,A. Reaves,,,,NA,NA,2023-10-24,NA,NA,NA,NA,0,0,0
shot_missed,,DEN,4,02:04.0,115,103,A. Gordon,,jump shot,9,NA,NA,NA,,,0,,,,,,,NA,NA,2023-10-24,0,1,0,0,0,0,0
def_rebound,,LAL,4,02:03.0,115,103,D. Russell,,,NA,1,NA,NA,,,0,,,,,,,NA,NA,2023-10-24,NA,NA,NA,NA,0,0,0
turnover,,LAL,4,01:50.0,115,103,A. Reaves,,,NA,NA,NA,1,bad pass,M. Porter,0,,,,,,,NA,NA,2023-10-24,NA,NA,NA,NA,0,0,1
shot_missed,,DEN,4,01:36.0,115,103,M. Porter,,jump shot,25,NA,NA,NA,,,0,,,,,,,NA,NA,2023-10-24,0,0,0,1,0,0,0
def_rebound,,LAL,4,01:33.0,115,103,A. Davis,,,NA,1,NA,NA,,,0,,,,,,,NA,NA,2023-10-24,NA,NA,NA,NA,0,0,0
turnover,,LAL,4,01:29.0,115,103,D. Russell,,,NA,NA,NA,1,bad pass,K. Caldwell-Pope,0,,,,,,,NA,NA,2023-10-24,NA,NA,NA,NA,0,0,1
foul,,DEN,4,01:15.0,115,103,J. Murray,,,NA,NA,NA,NA,,,1,Personal take foul,,A. Reaves,,,,NA,NA,2023-10-24,NA,NA,NA,NA,0,0,0
unknowntype1,LA Lakers full timeout,LAL,4,01:15.0,115,103,,,,NA,NA,NA,NA,,,0,,,,,,,NA,NA,2023-10-24,NA,NA,NA,NA,0,0,0
substitution,,LAL,4,01:15.0,115,103,A. Davis,,,NA,NA,NA,NA,,,0,,,,M. Christie,,,NA,NA,2023-10-24,NA,NA,NA,NA,0,0,0
substitution,,LAL,4,01:15.0,115,103,L. James,,,NA,NA,NA,NA,,,0,,,,J. Hayes,,,NA,NA,2023-10-24,NA,NA,NA,NA,0,0,0
substitution,,LAL,4,01:15.0,115,103,T. Prince,,,NA,NA,NA,NA,,,0,,,,M. Lewis,,,NA,NA,2023-10-24,NA,NA,NA,NA,0,0,0
substitution,,LAL,4,01:15.0,115,103,A. Reaves,,,NA,NA,NA,NA,,,0,,,,C. Reddish,,,NA,NA,2023-10-24,NA,NA,NA,NA,0,0,0
substitution,,LAL,4,01:15.0,115,103,D. Russell,,,NA,NA,NA,NA,,,0,,,,G. Vincent,,,NA,NA,2023-10-24,NA,NA,NA,NA,0,0,0
shot_missed,,DEN,4,01:02.0,115,103,N. Jokić,,jump shot,25,NA,NA,NA,,,0,,,,,,,NA,NA,2023-10-24,0,0,0,1,0,0,0
off_rebound,,DEN,4,01:01.0,115,103,M. Porter,,,NA,NA,1,NA,,,0,,,,,,,NA,NA,2023-10-24,NA,NA,NA,NA,0,0,0
shot_made,,DEN,4,01:01.0,117,103,M. Porter,,layup,0,NA,NA,NA,,,0,,,,,,,NA,NA,2023-10-24,1,1,0,0,0,0,0
shot_made,,LAL,4,00:43.0,117,105,G. Vincent,,layup,3,NA,NA,NA,,,0,,,,,,,NA,NA,2023-10-24,1,1,0,0,0,0,0
unknowntype1,Denver full timeout,DEN,4,00:43.0,117,105,,,,NA,NA,NA,NA,,,0,,,,,,,NA,NA,2023-10-24,NA,NA,NA,NA,0,0,0
substitution,,DEN,4,00:43.0,117,105,K. Caldwell-Pope,,,NA,NA,NA,NA,,,0,,,,C. Gillespie,,,NA,NA,2023-10-24,NA,NA,NA,NA,0,0,0
substitution,,DEN,4,00:43.0,117,105,A. Gordon,,,NA,NA,NA,NA,,,0,,,,B. Key,,,NA,NA,2023-10-24,NA,NA,NA,NA,0,0,0
substitution,,DEN,4,00:43.0,117,105,N. Jokić,,,NA,NA,NA,NA,,,0,,,,Z. Nnaji,,,NA,NA,2023-10-24,NA,NA,NA,NA,0,0,0
substitution,,DEN,4,00:43.0,117,105,J. Murray,,,NA,NA,NA,NA,,,0,,,,J. Pickett,,,NA,NA,2023-10-24,NA,NA,NA,NA,0,0,0
substitution,,DEN,4,00:43.0,117,105,M. Porter,,,NA,NA,NA,NA,,,0,,,,P. Watson,,,NA,NA,2023-10-24,NA,NA,NA,NA,0,0,0
shot_made,,DEN,4,00:31.0,119,105,J. Pickett,,jump shot,17,NA,NA,NA,,,0,,,,,,,NA,NA,2023-10-24,1,1,0,0,0,0,0
foul,,LAL,4,00:24.0,119,105,C. Reddish,,,NA,NA,NA,NA,,,1,Shooting foul,,P. Watson,,,,NA,NA,2023-10-24,NA,NA,NA,NA,0,0,0
free_throw_made,,LAL,4,00:24.0,119,106,C. Reddish,,,NA,NA,NA,NA,,,0,,,,,,,1,1,2023-10-24,NA,NA,NA,NA,0,0,0
free_throw_made,,LAL,4,00:24.0,119,107,C. Reddish,,,NA,NA,NA,NA,,,0,,,,,,,1,1,2023-10-24,NA,NA,NA,NA,0,0,0
unknowntype1,End of 4th quarter,LAL,4,00:00.0,,,,,,NA,NA,NA,NA,,,0,,,,,,,NA,NA,2023-10-24,NA,NA,NA,NA,0,0,0
